"Time","fc1GpsValuesAltitude.mean"
2025-12-07 12:49:52,629
2025-12-07 12:49:52,629
2025-12-07 12:49:52,629
2025-12-07 12:49:53,629
2025-12-07 12:49:53,629
2025-12-07 12:49:53,629
2025-12-07 12:49:53,629
2025-12-07 12:49:53,629
2025-12-07 12:49:54,629
2025-12-07 12:49:54,629
2025-12-07 12:49:54,629
2025-12-07 12:49:54,629
2025-12-07 12:49:54,629
2025-12-07 12:49:55,629
2025-12-07 12:49:55,629
2025-12-07 12:49:55,629
2025-12-07 12:49:55,629
2025-12-07 12:49:55,629
2025-12-07 12:49:56,629
2025-12-07 12:49:56,629
2025-12-07 12:49:56,629
2025-12-07 12:49:56,629
2025-12-07 12:49:56,629
2025-12-07 12:49:57,629
2025-12-07 12:49:57,629
2025-12-07 12:49:57,629
2025-12-07 12:49:57,629
2025-12-07 12:49:57,629
2025-12-07 12:49:58,629
2025-12-07 12:49:58,629
2025-12-07 12:49:58,629
2025-12-07 12:49:58,629
2025-12-07 12:49:58,629
2025-12-07 12:49:59,629
2025-12-07 12:49:59,629
2025-12-07 12:49:59,629
2025-12-07 12:49:59,629
2025-12-07 12:49:59,629
2025-12-07 12:50:00,629
2025-12-07 12:50:00,629
2025-12-07 12:50:00,629
2025-12-07 12:50:00,629
2025-12-07 12:50:00,629
2025-12-07 12:50:01,629
2025-12-07 12:50:01,629
2025-12-07 12:50:01,629
2025-12-07 12:50:01,629
2025-12-07 12:50:01,629
2025-12-07 12:50:02,629
2025-12-07 12:50:02,629
2025-12-07 12:50:02,629
2025-12-07 12:50:02,629
2025-12-07 12:50:02,629
2025-12-07 12:50:03,629
2025-12-07 12:50:03,629
2025-12-07 12:50:03,629
2025-12-07 12:50:03,629
2025-12-07 12:50:03,629
2025-12-07 12:50:04,629
2025-12-07 12:50:04,629
2025-12-07 12:50:04,629
2025-12-07 12:50:04,629
2025-12-07 12:50:04,629
2025-12-07 12:50:05,629
2025-12-07 12:50:05,629
2025-12-07 12:50:05,629
2025-12-07 12:50:05,629
2025-12-07 12:50:05,629
2025-12-07 12:50:06,629
2025-12-07 12:50:06,629
2025-12-07 12:50:06,629
2025-12-07 12:50:06,629
2025-12-07 12:50:06,629
2025-12-07 12:50:07,629
2025-12-07 12:50:07,629
2025-12-07 12:50:07,629
2025-12-07 12:50:07,629
2025-12-07 12:50:07,629
2025-12-07 12:50:08,629
2025-12-07 12:50:08,629
2025-12-07 12:50:08,629
2025-12-07 12:50:08,629
2025-12-07 12:50:08,629
2025-12-07 12:50:09,629
2025-12-07 12:50:09,629
2025-12-07 12:50:09,629
2025-12-07 12:50:09,629
2025-12-07 12:50:09,629
2025-12-07 12:50:10,629
2025-12-07 12:50:10,629
2025-12-07 12:50:10,629
2025-12-07 12:50:10,629
2025-12-07 12:50:10,629
2025-12-07 12:50:11,629
2025-12-07 12:50:11,629
2025-12-07 12:50:11,629
2025-12-07 12:50:11,629
2025-12-07 12:50:11,629
2025-12-07 12:50:12,629
2025-12-07 12:50:12,629
2025-12-07 12:50:12,629
2025-12-07 12:50:12,629
2025-12-07 12:50:12,629
2025-12-07 12:50:13,629
2025-12-07 12:50:13,629
2025-12-07 12:50:13,629
2025-12-07 12:50:13,629
2025-12-07 12:50:13,629
2025-12-07 12:50:14,629
2025-12-07 12:50:14,629
2025-12-07 12:50:14,629
2025-12-07 12:50:14,629
2025-12-07 12:50:14,629
2025-12-07 12:50:15,629
2025-12-07 12:50:15,629
2025-12-07 12:50:15,629
2025-12-07 12:50:15,629
2025-12-07 12:50:15,629
2025-12-07 12:50:16,629
2025-12-07 12:50:16,629
2025-12-07 12:50:16,629
2025-12-07 12:50:16,629
2025-12-07 12:50:16,629
2025-12-07 12:50:17,629
2025-12-07 12:50:17,629
2025-12-07 12:50:17,629
2025-12-07 12:50:17,629
2025-12-07 12:50:17,629
2025-12-07 12:50:18,629
2025-12-07 12:50:18,629
2025-12-07 12:50:18,629
2025-12-07 12:50:18,629
2025-12-07 12:50:18,629
2025-12-07 12:50:19,629
2025-12-07 12:50:19,629
2025-12-07 12:50:19,629
2025-12-07 12:50:19,629
2025-12-07 12:50:19,629
2025-12-07 12:50:20,629
2025-12-07 12:50:20,629
2025-12-07 12:50:20,629
2025-12-07 12:50:20,629
2025-12-07 12:50:20,629
2025-12-07 12:50:21,629
2025-12-07 12:50:21,629
2025-12-07 12:50:21,629
2025-12-07 12:50:21,629
2025-12-07 12:50:21,629
2025-12-07 12:50:22,629
2025-12-07 12:50:22,629
2025-12-07 12:50:22,629
2025-12-07 12:50:22,629
2025-12-07 12:50:22,629
2025-12-07 12:50:23,629
2025-12-07 12:50:23,629
2025-12-07 12:50:23,629
2025-12-07 12:50:23,629
2025-12-07 12:50:23,629
2025-12-07 12:50:24,629
2025-12-07 12:50:24,629
2025-12-07 12:50:24,629
2025-12-07 12:50:24,629
2025-12-07 12:50:24,629
2025-12-07 12:50:25,629
2025-12-07 12:50:25,629
2025-12-07 12:50:25,629
2025-12-07 12:50:25,629
2025-12-07 12:50:25,629
2025-12-07 12:50:26,629
2025-12-07 12:50:26,629
2025-12-07 12:50:26,629
2025-12-07 12:50:26,629
2025-12-07 12:50:26,629
2025-12-07 12:50:27,629
2025-12-07 12:50:27,629
2025-12-07 12:50:27,629
2025-12-07 12:50:27,629
2025-12-07 12:50:27,629
2025-12-07 12:50:28,629
2025-12-07 12:50:28,629
2025-12-07 12:50:28,629
2025-12-07 12:50:28,629
2025-12-07 12:50:28,629
2025-12-07 12:50:29,629
2025-12-07 12:50:29,629
2025-12-07 12:50:29,629
2025-12-07 12:50:29,629
2025-12-07 12:50:29,629
2025-12-07 12:50:30,629
2025-12-07 12:50:30,629
2025-12-07 12:50:30,629
2025-12-07 12:50:30,629
2025-12-07 12:50:30,629
2025-12-07 12:50:31,630
2025-12-07 12:50:31,630
2025-12-07 12:50:31,630
2025-12-07 12:50:31,630
2025-12-07 12:50:31,630
2025-12-07 12:50:32,630
2025-12-07 12:50:32,630
2025-12-07 12:50:32,630
2025-12-07 12:50:32,630
2025-12-07 12:50:32,630
2025-12-07 12:50:33,630
2025-12-07 12:50:33,630
2025-12-07 12:50:33,630
2025-12-07 12:50:33,630
2025-12-07 12:50:33,630
2025-12-07 12:50:34,630
2025-12-07 12:50:34,630
2025-12-07 12:50:34,630
2025-12-07 12:50:34,630
2025-12-07 12:50:34,630
2025-12-07 12:50:35,630
2025-12-07 12:50:35,630
2025-12-07 12:50:35,630
2025-12-07 12:50:35,630
2025-12-07 12:50:35,630
2025-12-07 12:50:36,630
2025-12-07 12:50:36,630
2025-12-07 12:50:36,630
2025-12-07 12:50:36,630
2025-12-07 12:50:36,630
2025-12-07 12:50:37,630
2025-12-07 12:50:37,631
2025-12-07 12:50:37,631
2025-12-07 12:50:37,631
2025-12-07 12:50:37,631
2025-12-07 12:50:38,631
2025-12-07 12:50:38,630
2025-12-07 12:50:38,630
2025-12-07 12:50:38,630
2025-12-07 12:50:38,630
2025-12-07 12:50:39,630
2025-12-07 12:50:39,630
2025-12-07 12:50:39,630
2025-12-07 12:50:39,630
2025-12-07 12:50:39,630
2025-12-07 12:50:40,630
2025-12-07 12:50:40,632
2025-12-07 12:50:40,633
2025-12-07 12:50:40,633
2025-12-07 12:50:40,633
2025-12-07 12:50:41,634
2025-12-07 12:50:41,634
2025-12-07 12:50:41,634
2025-12-07 12:50:41,634
2025-12-07 12:50:41,635
2025-12-07 12:50:42,635
2025-12-07 12:50:42,635
2025-12-07 12:50:42,635
2025-12-07 12:50:42,636
2025-12-07 12:50:42,636
2025-12-07 12:50:43,636
2025-12-07 12:50:43,635
2025-12-07 12:50:43,635
2025-12-07 12:50:43,635
2025-12-07 12:50:43,635
2025-12-07 12:50:44,636
2025-12-07 12:50:44,636
2025-12-07 12:50:44,636
2025-12-07 12:50:44,636
2025-12-07 12:50:44,637
2025-12-07 12:50:45,637
2025-12-07 12:50:45,637
2025-12-07 12:50:45,638
2025-12-07 12:50:45,638
2025-12-07 12:50:45,638
2025-12-07 12:50:46,638
2025-12-07 12:50:46,639
2025-12-07 12:50:46,639
2025-12-07 12:50:46,639
2025-12-07 12:50:46,639
2025-12-07 12:50:47,640
2025-12-07 12:50:47,652
2025-12-07 12:50:47,655
2025-12-07 12:50:47,656
2025-12-07 12:50:47,657
2025-12-07 12:50:48,657
2025-12-07 12:50:48,658
2025-12-07 12:50:48,659
2025-12-07 12:50:48,700
2025-12-07 12:50:48,702
2025-12-07 12:50:49,704
2025-12-07 12:50:49,706
2025-12-07 12:50:49,707
2025-12-07 12:50:49,709
2025-12-07 12:50:49,703
2025-12-07 12:50:50,704
2025-12-07 12:50:50,723
2025-12-07 12:50:50,760
2025-12-07 12:50:50,763
2025-12-07 12:50:50,766
2025-12-07 12:50:51,768
2025-12-07 12:50:51,777
2025-12-07 12:50:51,780
2025-12-07 12:50:51,782
2025-12-07 12:50:51,785
2025-12-07 12:50:52,2129
2025-12-07 12:50:52,2805
2025-12-07 12:50:52,2812
2025-12-07 12:50:52,2819
2025-12-07 12:50:52,2826
2025-12-07 12:50:53,2833
2025-12-07 12:50:53,2848
2025-12-07 12:50:53,2860
2025-12-07 12:50:53,2867
2025-12-07 12:50:53,2874
2025-12-07 12:50:54,2881
2025-12-07 12:50:54,2973
2025-12-07 12:50:54,2998
2025-12-07 12:50:54,3007
2025-12-07 12:50:54,3016
2025-12-07 12:50:55,3047
2025-12-07 12:50:55,3105
2025-12-07 12:50:55,3115
2025-12-07 12:50:55,3124
2025-12-07 12:50:55,3134
2025-12-07 12:50:56,3147
2025-12-07 12:50:56,3160
2025-12-07 12:50:56,3169
2025-12-07 12:50:56,3178
2025-12-07 12:50:56,3187
2025-12-07 12:50:57,3195
2025-12-07 12:50:57,3205
2025-12-07 12:50:57,3213
2025-12-07 12:50:57,3221
2025-12-07 12:50:57,3229
2025-12-07 12:50:58,3237
2025-12-07 12:50:58,3245
2025-12-07 12:50:58,3250
2025-12-07 12:50:58,3258
2025-12-07 12:50:58,3265
2025-12-07 12:50:59,3273
2025-12-07 12:50:59,3282
2025-12-07 12:50:59,3290
2025-12-07 12:50:59,3297
2025-12-07 12:50:59,3305
2025-12-07 12:51:00,3313
2025-12-07 12:51:00,3321
2025-12-07 12:51:00,3328
2025-12-07 12:51:00,3336
2025-12-07 12:51:00,3343
2025-12-07 12:51:01,3351
2025-12-07 12:51:01,3359
2025-12-07 12:51:01,3367
2025-12-07 12:51:01,3375
2025-12-07 12:51:01,3382
2025-12-07 12:51:02,3390
2025-12-07 12:51:02,3398
2025-12-07 12:51:02,3406
2025-12-07 12:51:02,3414
2025-12-07 12:51:02,3422
2025-12-07 12:51:03,3430
2025-12-07 12:51:03,3437
2025-12-07 12:51:03,3445
2025-12-07 12:51:03,3452
2025-12-07 12:51:03,3460
2025-12-07 12:51:04,3468
2025-12-07 12:51:04,3477
2025-12-07 12:51:04,3484
2025-12-07 12:51:04,3492
2025-12-07 12:51:04,3458
2025-12-07 12:51:05,3467
2025-12-07 12:51:05,3474
2025-12-07 12:51:05,3481
2025-12-07 12:51:05,3489
2025-12-07 12:51:05,3498
2025-12-07 12:51:06,3503
2025-12-07 12:51:06,3499
2025-12-07 12:51:06,3506
2025-12-07 12:51:06,3514
2025-12-07 12:51:06,3522
2025-12-07 12:51:07,3530
2025-12-07 12:51:07,3537
2025-12-07 12:51:07,3545
2025-12-07 12:51:07,3553
2025-12-07 12:51:07,3560
2025-12-07 12:51:08,3569
2025-12-07 12:51:08,3371
2025-12-07 12:51:08,3165
2025-12-07 12:51:08,3159
2025-12-07 12:51:08,3154
2025-12-07 12:51:09,3149
2025-12-07 12:51:09,3135
2025-12-07 12:51:09,3078
2025-12-07 12:51:09,3072
2025-12-07 12:51:09,3066
2025-12-07 12:51:10,3060
2025-12-07 12:51:10,3050
2025-12-07 12:51:10,3043
2025-12-07 12:51:10,3038
2025-12-07 12:51:10,3032
2025-12-07 12:51:11,3025
2025-12-07 12:51:11,3016
2025-12-07 12:51:11,3010
2025-12-07 12:51:11,3004
2025-12-07 12:51:11,2998
2025-12-07 12:51:12,2992
2025-12-07 12:51:12,2985
2025-12-07 12:51:12,2979
2025-12-07 12:51:12,2973
2025-12-07 12:51:12,2966
2025-12-07 12:51:13,2960
2025-12-07 12:51:13,2954
2025-12-07 12:51:13,2947
2025-12-07 12:51:13,2941
2025-12-07 12:51:13,2935
2025-12-07 12:51:14,2929
2025-12-07 12:51:14,2923
2025-12-07 12:51:14,2917
2025-12-07 12:51:14,2910
2025-12-07 12:51:14,2904
2025-12-07 12:51:15,2897
2025-12-07 12:51:15,2891
2025-12-07 12:51:15,2885
2025-12-07 12:51:15,2879
2025-12-07 12:51:15,2873
2025-12-07 12:51:16,2867
2025-12-07 12:51:16,2860
2025-12-07 12:51:16,2854
2025-12-07 12:51:16,2848
2025-12-07 12:51:16,2842
2025-12-07 12:51:17,2835
2025-12-07 12:51:17,2829
2025-12-07 12:51:17,2823
2025-12-07 12:51:17,2817
2025-12-07 12:51:17,2811
2025-12-07 12:51:18,2805
2025-12-07 12:51:18,2798
2025-12-07 12:51:18,2792
2025-12-07 12:51:18,2786
2025-12-07 12:51:18,2779
2025-12-07 12:51:19,2773
2025-12-07 12:51:19,2767
2025-12-07 12:51:19,2760
2025-12-07 12:51:19,2754
2025-12-07 12:51:19,2749
2025-12-07 12:51:20,2743
2025-12-07 12:51:20,2736
2025-12-07 12:51:20,2730
2025-12-07 12:51:20,2723
2025-12-07 12:51:20,2718
2025-12-07 12:51:21,2711
2025-12-07 12:51:21,2705
2025-12-07 12:51:21,2699
2025-12-07 12:51:21,2693
2025-12-07 12:51:21,2686
2025-12-07 12:51:22,2683
2025-12-07 12:51:22,2690
2025-12-07 12:51:22,2690
2025-12-07 12:51:22,2690
2025-12-07 12:51:22,2690
2025-12-07 12:51:23,2690
2025-12-07 12:51:23,2690
2025-12-07 12:51:23,2690
2025-12-07 12:51:23,2690
2025-12-07 12:51:23,2690
2025-12-07 12:51:24,2690
2025-12-07 12:51:24,2690
2025-12-07 12:51:24,2690
2025-12-07 12:51:24,2690
2025-12-07 12:51:24,2690
2025-12-07 12:51:25,2690
2025-12-07 12:51:25,2690
2025-12-07 12:51:25,2690
2025-12-07 12:51:25,2690
2025-12-07 12:51:25,2690
2025-12-07 12:51:26,2690
2025-12-07 12:51:26,2690
2025-12-07 12:51:26,2690
2025-12-07 12:51:26,2690
2025-12-07 12:51:26,2690
2025-12-07 12:51:27,2690
2025-12-07 12:51:27,2690
2025-12-07 12:51:27,2690
2025-12-07 12:51:27,2690
2025-12-07 12:51:27,2690
2025-12-07 12:51:28,2690
2025-12-07 12:51:28,2690
2025-12-07 12:51:28,2690
2025-12-07 12:51:28,2690
2025-12-07 12:51:28,2690
2025-12-07 12:51:29,2690
2025-12-07 12:51:29,2690
2025-12-07 12:51:29,2690
2025-12-07 12:51:29,2690
2025-12-07 12:51:29,2690
2025-12-07 12:51:30,2690
2025-12-07 12:51:30,2690
2025-12-07 12:51:30,2690
2025-12-07 12:51:30,2690
2025-12-07 12:51:30,2690
2025-12-07 12:51:31,2690
2025-12-07 12:51:31,2690
2025-12-07 12:51:31,2690
2025-12-07 12:51:31,2690
2025-12-07 12:51:31,2690
2025-12-07 12:51:32,2690
2025-12-07 12:51:32,2690
2025-12-07 12:51:32,2690
2025-12-07 12:51:32,2690
2025-12-07 12:51:32,2690
2025-12-07 12:51:33,2690
2025-12-07 12:51:33,2690
2025-12-07 12:51:33,2690
2025-12-07 12:51:33,2690
2025-12-07 12:51:33,2690
2025-12-07 12:51:34,2690
2025-12-07 12:51:34,2690
2025-12-07 12:51:34,2690
2025-12-07 12:51:34,2690
2025-12-07 12:51:34,2690
2025-12-07 12:51:35,2690
2025-12-07 12:51:35,2690
2025-12-07 12:51:35,2690
2025-12-07 12:51:35,2690
2025-12-07 12:51:35,2690
2025-12-07 12:51:36,2690
2025-12-07 12:51:36,2690
2025-12-07 12:51:36,2690
2025-12-07 12:51:36,2690
2025-12-07 12:51:36,2690
2025-12-07 12:51:37,2690
2025-12-07 12:51:37,2690
2025-12-07 12:51:37,2690
2025-12-07 12:51:37,2690
2025-12-07 12:51:37,2690
2025-12-07 12:51:38,2690
2025-12-07 12:51:38,2690
2025-12-07 12:51:38,2690
2025-12-07 12:51:38,2690
2025-12-07 12:51:38,2690
2025-12-07 12:51:39,2690
2025-12-07 12:51:39,2690
2025-12-07 12:51:39,2690
2025-12-07 12:51:39,2690
2025-12-07 12:51:39,2690
2025-12-07 12:51:40,2690
2025-12-07 12:51:40,2690
2025-12-07 12:51:40,2690
2025-12-07 12:51:40,2690
2025-12-07 12:51:40,2690
2025-12-07 12:51:41,2690
2025-12-07 12:51:41,2690
2025-12-07 12:51:41,2690
2025-12-07 12:51:41,2690
2025-12-07 12:51:41,2690
2025-12-07 12:51:42,2690
2025-12-07 12:51:42,1996
2025-12-07 12:51:42,1851
2025-12-07 12:51:42,1844
2025-12-07 12:51:42,1837
2025-12-07 12:51:43,1831
2025-12-07 12:51:43,1824
2025-12-07 12:51:43,1817
2025-12-07 12:51:43,1810
2025-12-07 12:51:43,1803
2025-12-07 12:51:44,1797
2025-12-07 12:51:44,1790
2025-12-07 12:51:44,1783
2025-12-07 12:51:44,1777
2025-12-07 12:51:44,1770
2025-12-07 12:51:45,1763
2025-12-07 12:51:45,1756
2025-12-07 12:51:45,1749
2025-12-07 12:51:45,1742
2025-12-07 12:51:45,1735
2025-12-07 12:51:46,1729
2025-12-07 12:51:46,1723
2025-12-07 12:51:46,1716
2025-12-07 12:51:46,1709
2025-12-07 12:51:46,1702
2025-12-07 12:51:47,1695
2025-12-07 12:51:47,1688
2025-12-07 12:51:47,1681
2025-12-07 12:51:47,1675
2025-12-07 12:51:47,1668
2025-12-07 12:51:48,1661
2025-12-07 12:51:48,1654
2025-12-07 12:51:48,1647
2025-12-07 12:51:48,1640
2025-12-07 12:51:48,1633
2025-12-07 12:51:49,1626
2025-12-07 12:51:49,1619
2025-12-07 12:51:49,1613
2025-12-07 12:51:49,1606
2025-12-07 12:51:49,1599
2025-12-07 12:51:50,1593
2025-12-07 12:51:50,1586
2025-12-07 12:51:50,1579
2025-12-07 12:51:50,1572
2025-12-07 12:51:50,1566
2025-12-07 12:51:51,1559
2025-12-07 12:51:51,1552
2025-12-07 12:51:51,1545
2025-12-07 12:51:51,1538
2025-12-07 12:51:51,1531
2025-12-07 12:51:52,1525
2025-12-07 12:51:52,1518
2025-12-07 12:51:52,1511
2025-12-07 12:51:52,1504
2025-12-07 12:51:52,1497
2025-12-07 12:51:53,1490
2025-12-07 12:51:53,1499
2025-12-07 12:51:53,1502
2025-12-07 12:51:53,1502
2025-12-07 12:51:53,1502
2025-12-07 12:51:54,1502
2025-12-07 12:51:54,1502
2025-12-07 12:51:54,1502
2025-12-07 12:51:54,1502
2025-12-07 12:51:54,1502
2025-12-07 12:51:55,1502
2025-12-07 12:51:55,1502
2025-12-07 12:51:55,1502
2025-12-07 12:51:55,1502
2025-12-07 12:51:55,1502
2025-12-07 12:51:56,1502
2025-12-07 12:51:56,1502
2025-12-07 12:51:56,1502
2025-12-07 12:51:56,1502
2025-12-07 12:51:56,1502
2025-12-07 12:51:57,1502
2025-12-07 12:51:57,1502
2025-12-07 12:51:57,1502
2025-12-07 12:51:57,1502
2025-12-07 12:51:57,1502
2025-12-07 12:51:58,1502
2025-12-07 12:51:58,1502
2025-12-07 12:51:58,1502
2025-12-07 12:51:58,1502
2025-12-07 12:51:58,1502
2025-12-07 12:51:59,1502
2025-12-07 12:51:59,1502
2025-12-07 12:51:59,1502
2025-12-07 12:51:59,1502
2025-12-07 12:51:59,1502
2025-12-07 12:52:00,1502
2025-12-07 12:52:00,1502
2025-12-07 12:52:00,1502
2025-12-07 12:52:00,1502
2025-12-07 12:52:00,1502
2025-12-07 12:52:01,1502
2025-12-07 12:52:01,1502
2025-12-07 12:52:01,1502
2025-12-07 12:52:01,1502
2025-12-07 12:52:01,1502
2025-12-07 12:52:02,1502
2025-12-07 12:52:02,1502
2025-12-07 12:52:02,1502
2025-12-07 12:52:02,1502
2025-12-07 12:52:02,1502
2025-12-07 12:52:03,1502
2025-12-07 12:52:03,1502
2025-12-07 12:52:03,1502
2025-12-07 12:52:03,1502
2025-12-07 12:52:03,1502
2025-12-07 12:52:04,1502
2025-12-07 12:52:04,1502
2025-12-07 12:52:04,1502
2025-12-07 12:52:04,1502
2025-12-07 12:52:04,1502
2025-12-07 12:52:05,1502
2025-12-07 12:52:05,1502
2025-12-07 12:52:05,1502
2025-12-07 12:52:05,1502
2025-12-07 12:52:05,1502
2025-12-07 12:52:06,1502
2025-12-07 12:52:06,1502
2025-12-07 12:52:06,1502
2025-12-07 12:52:06,1502
2025-12-07 12:52:06,1502
2025-12-07 12:52:07,1502
2025-12-07 12:52:07,1502
2025-12-07 12:52:07,1502
2025-12-07 12:52:07,1502
2025-12-07 12:52:07,1502
2025-12-07 12:52:08,1502
2025-12-07 12:52:08,1502
2025-12-07 12:52:08,1502
2025-12-07 12:52:08,1502
2025-12-07 12:52:08,1502
2025-12-07 12:52:09,1502
2025-12-07 12:52:09,1502
2025-12-07 12:52:09,1502
2025-12-07 12:52:09,1502
2025-12-07 12:52:09,1502
2025-12-07 12:52:10,1502
2025-12-07 12:52:10,1502
2025-12-07 12:52:10,1502
2025-12-07 12:52:10,1502
2025-12-07 12:52:10,1502
2025-12-07 12:52:11,1502
2025-12-07 12:52:11,1502
2025-12-07 12:52:11,1502
2025-12-07 12:52:11,1502
2025-12-07 12:52:11,1502
2025-12-07 12:52:12,1502
2025-12-07 12:52:12,1502
2025-12-07 12:52:12,1502
2025-12-07 12:52:12,1502
2025-12-07 12:52:12,1502
2025-12-07 12:52:13,1502
2025-12-07 12:52:13,1196
2025-12-07 12:52:13,988
2025-12-07 12:52:13,983
2025-12-07 12:52:13,979
2025-12-07 12:52:14,974
2025-12-07 12:52:14,971
2025-12-07 12:52:14,965
2025-12-07 12:52:14,961
2025-12-07 12:52:14,956
2025-12-07 12:52:15,952
2025-12-07 12:52:15,947
2025-12-07 12:52:15,942
2025-12-07 12:52:15,937
2025-12-07 12:52:15,933
2025-12-07 12:52:16,929
2025-12-07 12:52:16,925
2025-12-07 12:52:16,921
2025-12-07 12:52:16,916
2025-12-07 12:52:16,912
2025-12-07 12:52:17,907
2025-12-07 12:52:17,902
2025-12-07 12:52:17,897
2025-12-07 12:52:17,892
2025-12-07 12:52:17,888
2025-12-07 12:52:18,882
2025-12-07 12:52:18,878
2025-12-07 12:52:18,874
2025-12-07 12:52:18,869
2025-12-07 12:52:18,864
2025-12-07 12:52:19,860
2025-12-07 12:52:19,855
2025-12-07 12:52:19,851
2025-12-07 12:52:19,846
2025-12-07 12:52:19,841
2025-12-07 12:52:20,837
2025-12-07 12:52:20,833
2025-12-07 12:52:20,828
2025-12-07 12:52:20,824
2025-12-07 12:52:20,819
2025-12-07 12:52:21,814
2025-12-07 12:52:21,810
2025-12-07 12:52:21,804
2025-12-07 12:52:21,800
2025-12-07 12:52:21,795
2025-12-07 12:52:22,790
2025-12-07 12:52:22,787
2025-12-07 12:52:22,782
2025-12-07 12:52:22,777
2025-12-07 12:52:22,773
2025-12-07 12:52:23,769
2025-12-07 12:52:23,765
2025-12-07 12:52:23,761
2025-12-07 12:52:23,757
2025-12-07 12:52:23,752
2025-12-07 12:52:24,748
2025-12-07 12:52:24,744
2025-12-07 12:52:24,739
2025-12-07 12:52:24,735
2025-12-07 12:52:24,730
2025-12-07 12:52:25,726
2025-12-07 12:52:25,721
2025-12-07 12:52:25,717
2025-12-07 12:52:25,712
2025-12-07 12:52:25,708
2025-12-07 12:52:26,703
2025-12-07 12:52:26,699
2025-12-07 12:52:26,694
2025-12-07 12:52:26,690
2025-12-07 12:52:26,686
2025-12-07 12:52:27,681
2025-12-07 12:52:27,677
2025-12-07 12:52:27,673
2025-12-07 12:52:27,668
2025-12-07 12:52:27,663
2025-12-07 12:52:28,659
2025-12-07 12:52:28,654
2025-12-07 12:52:28,650
2025-12-07 12:52:28,646
2025-12-07 12:52:28,641
2025-12-07 12:52:29,636
2025-12-07 12:52:29,632
2025-12-07 12:52:29,628
2025-12-07 12:52:29,623
2025-12-07 12:52:29,619
2025-12-07 12:52:30,614
2025-12-07 12:52:30,610
2025-12-07 12:52:30,605
2025-12-07 12:52:30,601
2025-12-07 12:52:30,596
2025-12-07 12:52:31,592
2025-12-07 12:52:31,588
2025-12-07 12:52:31,584
2025-12-07 12:52:31,579
2025-12-07 12:52:31,574
2025-12-07 12:52:32,570
2025-12-07 12:52:32,630
2025-12-07 12:52:32,641
2025-12-07 12:52:32,639
2025-12-07 12:52:32,637
2025-12-07 12:52:33,643
2025-12-07 12:52:33,653
2025-12-07 12:52:33,652
2025-12-07 12:52:33,651
2025-12-07 12:52:33,650
2025-12-07 12:52:34,649
2025-12-07 12:52:34,653
2025-12-07 12:52:34,653
2025-12-07 12:52:34,653
2025-12-07 12:52:34,652
2025-12-07 12:52:35,652
2025-12-07 12:52:35,653
2025-12-07 12:52:35,653
2025-12-07 12:52:35,653
2025-12-07 12:52:35,652
2025-12-07 12:52:36,652
2025-12-07 12:52:36,651
2025-12-07 12:52:36,651
2025-12-07 12:52:36,651
2025-12-07 12:52:36,651
2025-12-07 12:52:37,650
2025-12-07 12:52:37,649
2025-12-07 12:52:37,649
2025-12-07 12:52:37,649
2025-12-07 12:52:37,649
2025-12-07 12:52:38,648
2025-12-07 12:52:38,646
2025-12-07 12:52:38,646
2025-12-07 12:52:38,646
2025-12-07 12:52:38,646
2025-12-07 12:52:39,646
2025-12-07 12:52:39,644
2025-12-07 12:52:39,644
2025-12-07 12:52:39,644
2025-12-07 12:52:39,644
2025-12-07 12:52:40,643
2025-12-07 12:52:40,642
2025-12-07 12:52:40,642
2025-12-07 12:52:40,642
2025-12-07 12:52:40,642
2025-12-07 12:52:41,641
2025-12-07 12:52:41,640
2025-12-07 12:52:41,640
2025-12-07 12:52:41,640
2025-12-07 12:52:41,640
2025-12-07 12:52:42,639
2025-12-07 12:52:42,638
2025-12-07 12:52:42,638
2025-12-07 12:52:42,638
2025-12-07 12:52:42,638
2025-12-07 12:52:43,637
2025-12-07 12:52:43,636
2025-12-07 12:52:43,636
2025-12-07 12:52:43,636
2025-12-07 12:52:43,636
2025-12-07 12:52:44,636
2025-12-07 12:52:44,635
2025-12-07 12:52:44,635
2025-12-07 12:52:44,635
2025-12-07 12:52:44,635
2025-12-07 12:52:45,634
2025-12-07 12:52:45,634
2025-12-07 12:52:45,634
2025-12-07 12:52:45,634
2025-12-07 12:52:45,634
2025-12-07 12:52:46,633
2025-12-07 12:52:46,633
2025-12-07 12:52:46,633
2025-12-07 12:52:46,633
2025-12-07 12:52:46,633
2025-12-07 12:52:47,632
2025-12-07 12:52:47,632
2025-12-07 12:52:47,632
2025-12-07 12:52:47,632
2025-12-07 12:52:47,632
2025-12-07 12:52:48,631
2025-12-07 12:52:48,631
2025-12-07 12:52:48,631
2025-12-07 12:52:48,631
2025-12-07 12:52:48,631
2025-12-07 12:52:49,631
2025-12-07 12:52:49,630
2025-12-07 12:52:49,630
2025-12-07 12:52:49,630
2025-12-07 12:52:49,630
2025-12-07 12:52:50,630
2025-12-07 12:52:50,630
2025-12-07 12:52:50,630
2025-12-07 12:52:50,630
2025-12-07 12:52:50,630
2025-12-07 12:52:51,629
2025-12-07 12:52:51,629
2025-12-07 12:52:51,629
2025-12-07 12:52:51,629
2025-12-07 12:52:51,629
2025-12-07 12:52:52,629
2025-12-07 12:52:52,629
2025-12-07 12:52:52,629
2025-12-07 12:52:52,629
2025-12-07 12:52:52,629
2025-12-07 12:52:53,628
2025-12-07 12:52:53,628
2025-12-07 12:52:53,628
2025-12-07 12:52:53,628
2025-12-07 12:52:53,628
2025-12-07 12:52:54,628
2025-12-07 12:52:54,628
2025-12-07 12:52:54,628
2025-12-07 12:52:54,628
2025-12-07 12:52:54,628
2025-12-07 12:52:55,628
2025-12-07 12:52:55,628
2025-12-07 12:52:55,628
2025-12-07 12:52:55,628
2025-12-07 12:52:55,628
2025-12-07 12:52:56,627
2025-12-07 12:52:56,627
2025-12-07 12:52:56,627
2025-12-07 12:52:56,627
2025-12-07 12:52:56,627
2025-12-07 12:52:57,627
2025-12-07 12:52:57,627
2025-12-07 12:52:57,627
2025-12-07 12:52:57,627
2025-12-07 12:52:57,627
2025-12-07 12:52:58,627
2025-12-07 12:52:58,627
2025-12-07 12:52:58,627
2025-12-07 12:52:58,627
2025-12-07 12:52:58,627
2025-12-07 12:52:59,627
2025-12-07 12:52:59,627
2025-12-07 12:52:59,627
2025-12-07 12:52:59,627
2025-12-07 12:52:59,627
2025-12-07 12:53:00,626
2025-12-07 12:53:00,626
2025-12-07 12:53:00,626
2025-12-07 12:53:00,626
2025-12-07 12:53:00,626
2025-12-07 12:53:01,626
2025-12-07 12:53:01,626
2025-12-07 12:53:01,626
2025-12-07 12:53:01,626
2025-12-07 12:53:01,626
2025-12-07 12:53:02,626
2025-12-07 12:53:02,626
2025-12-07 12:53:02,626
2025-12-07 12:53:02,626
2025-12-07 12:53:02,626
2025-12-07 12:53:03,626
2025-12-07 12:53:03,626
2025-12-07 12:53:03,626
2025-12-07 12:53:03,626
2025-12-07 12:53:03,626
2025-12-07 12:53:04,626
2025-12-07 12:53:04,625
2025-12-07 12:53:04,625
2025-12-07 12:53:04,625
2025-12-07 12:53:04,625
2025-12-07 12:53:05,625
2025-12-07 12:53:05,625
2025-12-07 12:53:05,625
2025-12-07 12:53:05,625
2025-12-07 12:53:05,625
2025-12-07 12:53:06,625
2025-12-07 12:53:06,625
2025-12-07 12:53:06,625
2025-12-07 12:53:06,625
2025-12-07 12:53:06,625
2025-12-07 12:53:07,625
2025-12-07 12:53:07,625
2025-12-07 12:53:07,625
2025-12-07 12:53:07,625
2025-12-07 12:53:07,625
2025-12-07 12:53:08,625
2025-12-07 12:53:08,625
2025-12-07 12:53:08,625
2025-12-07 12:53:08,625
2025-12-07 12:53:08,625
2025-12-07 12:53:09,625
2025-12-07 12:53:09,625
2025-12-07 12:53:09,625
2025-12-07 12:53:09,625
2025-12-07 12:53:09,625
2025-12-07 12:53:10,625
2025-12-07 12:53:10,625
2025-12-07 12:53:10,625
2025-12-07 12:53:10,625
2025-12-07 12:53:10,625
2025-12-07 12:53:11,624
2025-12-07 12:53:11,624
2025-12-07 12:53:11,624
2025-12-07 12:53:11,624
2025-12-07 12:53:11,624
2025-12-07 12:53:12,624
2025-12-07 12:53:12,624
2025-12-07 12:53:12,624
2025-12-07 12:53:12,624
2025-12-07 12:53:12,624
2025-12-07 12:53:13,624
2025-12-07 12:53:13,624
2025-12-07 12:53:13,624
2025-12-07 12:53:13,624
2025-12-07 12:53:13,624
2025-12-07 12:53:14,624
2025-12-07 12:53:14,624
2025-12-07 12:53:14,624
2025-12-07 12:53:14,624
2025-12-07 12:53:14,624
2025-12-07 12:53:15,624
2025-12-07 12:53:15,624
2025-12-07 12:53:15,624
2025-12-07 12:53:15,624
2025-12-07 12:53:15,624
2025-12-07 12:53:16,624
2025-12-07 12:53:16,624
2025-12-07 12:53:16,624
2025-12-07 12:53:16,624
2025-12-07 12:53:16,624
2025-12-07 12:53:17,623
2025-12-07 12:53:17,623
2025-12-07 12:53:17,623
2025-12-07 12:53:17,623
2025-12-07 12:53:17,623
2025-12-07 12:53:18,623
2025-12-07 12:53:18,623
2025-12-07 12:53:18,623
2025-12-07 12:53:18,623
2025-12-07 12:53:18,623
2025-12-07 12:53:19,623
2025-12-07 12:53:19,623
2025-12-07 12:53:19,623
2025-12-07 12:53:19,623
2025-12-07 12:53:19,623
2025-12-07 12:53:20,623
2025-12-07 12:53:20,623
2025-12-07 12:53:20,623
2025-12-07 12:53:20,623
2025-12-07 12:53:20,623
2025-12-07 12:53:21,623
2025-12-07 12:53:21,623
2025-12-07 12:53:21,623
2025-12-07 12:53:21,623
2025-12-07 12:53:21,623
2025-12-07 12:53:22,623
2025-12-07 12:53:22,623
2025-12-07 12:53:22,623
2025-12-07 12:53:22,623
2025-12-07 12:53:22,623
2025-12-07 12:53:23,623
2025-12-07 12:53:23,623
2025-12-07 12:53:23,623
2025-12-07 12:53:23,623
2025-12-07 12:53:23,623
2025-12-07 12:53:24,623
2025-12-07 12:53:24,623
2025-12-07 12:53:24,623
2025-12-07 12:53:24,623
2025-12-07 12:53:24,623
2025-12-07 12:53:25,623
2025-12-07 12:53:25,623
2025-12-07 12:53:25,623
2025-12-07 12:53:25,623
2025-12-07 12:53:25,623
2025-12-07 12:53:26,623
2025-12-07 12:53:26,623
2025-12-07 12:53:26,623
2025-12-07 12:53:26,623
2025-12-07 12:53:26,623
2025-12-07 12:53:27,623
2025-12-07 12:53:27,623
2025-12-07 12:53:27,623
2025-12-07 12:53:27,623
2025-12-07 12:53:27,623
2025-12-07 12:53:28,623
2025-12-07 12:53:28,622
2025-12-07 12:53:28,622
2025-12-07 12:53:28,622
2025-12-07 12:53:28,622
2025-12-07 12:53:29,622
2025-12-07 12:53:29,622
2025-12-07 12:53:29,622
2025-12-07 12:53:29,622
2025-12-07 12:53:29,622
2025-12-07 12:53:30,622
2025-12-07 12:53:30,622
2025-12-07 12:53:30,622
2025-12-07 12:53:30,622
2025-12-07 12:53:30,622
2025-12-07 12:53:31,622
2025-12-07 12:53:31,622
2025-12-07 12:53:31,622
2025-12-07 12:53:31,622
2025-12-07 12:53:31,622
2025-12-07 12:53:32,622
2025-12-07 12:53:32,622
2025-12-07 12:53:32,622
2025-12-07 12:53:32,622
2025-12-07 12:53:32,622
2025-12-07 12:53:33,622
2025-12-07 12:53:33,622
2025-12-07 12:53:33,622
2025-12-07 12:53:33,622
2025-12-07 12:53:33,622
2025-12-07 12:53:34,622
2025-12-07 12:53:34,622
2025-12-07 12:53:34,622
2025-12-07 12:53:34,622
2025-12-07 12:53:34,622
2025-12-07 12:53:35,622
2025-12-07 12:53:35,622
2025-12-07 12:53:35,622
2025-12-07 12:53:35,622
2025-12-07 12:53:35,622
2025-12-07 12:53:36,622
2025-12-07 12:53:36,622
2025-12-07 12:53:36,622
2025-12-07 12:53:36,622
2025-12-07 12:53:36,622
2025-12-07 12:53:37,622
2025-12-07 12:53:37,622
2025-12-07 12:53:37,622
2025-12-07 12:53:37,622
2025-12-07 12:53:37,622
2025-12-07 12:53:38,622
2025-12-07 12:53:38,622
2025-12-07 12:53:38,622
2025-12-07 12:53:38,622
2025-12-07 12:53:38,622
2025-12-07 12:53:39,622
2025-12-07 12:53:39,622
2025-12-07 12:53:39,622
2025-12-07 12:53:39,622
2025-12-07 12:53:39,622