time,lat,long,GPS MSL,SVs
29.281,35.34691,-117.80915,639.76202,8
31.248,35.34691,-117.80915,640.125,8
33.183,35.346911,-117.80915,640.11505,9
35.13,35.346912,-117.80915,640.00604,9
37.0989,35.346912,-117.80915,640.11304,16
39.0559,35.346912,-117.80915,639.87701,16
41.0219,35.346912,-117.80915,639.74701,16
42.9809,35.346911,-117.80915,639.61804,16
44.9788,35.346912,-117.80915,639.37402,17
46.9278,35.346912,-117.80915,639.15906,17
48.8738,35.346912,-117.80915,639.06104,17
50.8108,35.346912,-117.80915,639.00702,17
52.7747,35.346913,-117.80915,638.96704,17
54.7417,35.346913,-117.80915,638.93506,17
56.7066,35.346913,-117.80915,638.93402,17
58.6566,35.346914,-117.80915,638.94104,17
60.6526,35.346914,-117.80915,638.97101,17
62.5996,35.346915,-117.80915,638.98303,18
64.5445,35.346915,-117.80915,638.99902,18
66.4995,35.346915,-117.80915,639.00305,18
68.4575,35.346916,-117.80915,638.98804,18
70.4044,35.346916,-117.80914,638.96204,18
72.3724,35.346917,-117.80914,638.96002,17
74.3134,35.346917,-117.80914,638.99103,19
76.2664,35.346917,-117.80914,638.94202,22
78.2284,35.346917,-117.80914,638.86005,22
80.1804,35.346917,-117.80914,638.76605,22
82.1463,35.346917,-117.80914,638.70703,22
84.1173,35.346918,-117.80914,638.63702,22
86.1042,35.346918,-117.80914,638.56903,22
88.0542,35.346918,-117.80914,638.61102,22
90.0602,35.346918,-117.80914,638.58905,22
91.9532,35.346918,-117.80914,638.52905,23
93.9231,35.346918,-117.80914,638.526,23
95.8781,35.346918,-117.80914,638.48901,25
97.8901,35.346918,-117.80914,638.46002,25
99.824,35.346918,-117.80914,638.38403,25
101.806,35.346918,-117.80914,638.31305,25
103.725,35.346917,-117.80914,638.21204,25
105.674,35.346917,-117.80914,638.10706,25
107.668,35.346917,-117.80913,638.00104,25
109.623,35.346917,-117.80913,637.85706,25
111.592,35.346917,-117.80913,637.75604,25
113.538,35.346916,-117.80913,637.66803,25
115.51,35.346917,-117.80913,637.625,25
117.452,35.346916,-117.80913,637.64606,26
119.416,35.346916,-117.80914,637.64606,26
121.38,35.346916,-117.80914,637.62305,26
123.33,35.346916,-117.80914,637.63202,25
125.282,35.346916,-117.80914,637.71002,26
127.245,35.346916,-117.80914,637.80603,26
129.205,35.346915,-117.80914,637.87103,26
131.174,35.346915,-117.80914,637.93701,26
133.177,35.346915,-117.80914,637.96802,26
135.124,35.346915,-117.80914,638.04803,26
137.104,35.346915,-117.80914,638.14301,26
139.074,35.346915,-117.80914,638.27106,26
141.038,35.346915,-117.80914,638.37903,26
142.996,35.346915,-117.80914,638.47205,26
144.962,35.346914,-117.80914,638.53003,26
146.918,35.346914,-117.80914,638.57703,25
148.872,35.346913,-117.80914,638.67102,26
150.835,35.346913,-117.80914,638.71002,26
152.795,35.346913,-117.80914,638.72302,26
154.751,35.346912,-117.80914,638.76605,26
156.73,35.346912,-117.80915,638.82501,26
158.697,35.346911,-117.80915,638.84503,26
160.652,35.346911,-117.80915,638.82703,26
162.616,35.346911,-117.80915,638.83105,26
164.576,35.34691,-117.80915,638.802,26
166.544,35.346909,-117.80915,638.78802,26
168.517,35.346909,-117.80915,638.80103,26
170.481,35.346908,-117.80915,638.80804,26
172.451,35.346908,-117.80915,638.75403,26
174.382,35.346908,-117.80915,638.742,26
176.323,35.346907,-117.80915,638.75201,26
178.287,35.346907,-117.80915,638.74402,26
180.263,35.346907,-117.80915,638.70203,25
182.221,35.346907,-117.80915,638.789,25
184.185,35.346907,-117.80915,638.82306,25
186.139,35.346907,-117.80915,638.80005,25
188.09,35.346908,-117.80915,638.76904,26
190.051,35.346907,-117.80915,638.74402,26
192.019,35.346908,-117.80915,638.70502,26
193.98,35.346908,-117.80915,638.71802,26
195.955,35.346908,-117.80915,638.70001,26
197.944,35.346909,-117.80915,638.68903,26
199.903,35.346909,-117.80914,638.69806,26
201.841,35.346909,-117.80914,638.67505,26
203.807,35.34691,-117.80914,638.65302,26
205.784,35.34691,-117.80914,638.65704,26
207.757,35.346911,-117.80914,638.64105,26
209.72,35.346911,-117.80914,638.62201,26
211.701,35.346912,-117.80914,638.64801,26
213.645,35.346913,-117.80914,638.63306,26
215.617,35.346914,-117.80914,638.65802,26
217.55,35.346915,-117.80914,638.60706,26
219.522,35.346915,-117.80914,638.64606,26
221.506,35.346916,-117.80914,638.66205,26
223.453,35.346917,-117.80914,638.66901,26
225.436,35.346917,-117.80914,638.651,26
227.385,35.346918,-117.80914,638.69501,26
229.364,35.346918,-117.80914,638.716,26
231.368,35.346919,-117.80914,638.79205,26
233.338,35.346919,-117.80914,638.86505,26
235.282,35.34692,-117.80914,638.96503,26
237.23,35.346921,-117.80914,639.02203,26
239.192,35.346921,-117.80914,639.05701,26
241.15,35.346922,-117.80914,639.11603,26
243.098,35.346922,-117.80914,639.15002,26
245.06,35.346922,-117.80914,639.23004,26
247.011,35.346922,-117.80914,639.29803,26
248.984,35.346923,-117.80914,639.37604,26
250.956,35.346923,-117.80914,639.43604,26
252.921,35.346923,-117.80914,639.50903,26
254.861,35.346923,-117.80914,639.526,26
256.853,35.346923,-117.80914,639.57501,26
258.821,35.346923,-117.80914,639.57904,26
260.786,35.346923,-117.80914,639.63,26
262.74,35.346923,-117.80914,639.70001,26
264.699,35.346923,-117.80914,639.75702,26
266.643,35.346924,-117.80914,639.80804,26
268.627,35.346924,-117.80914,639.80902,26
270.549,35.346924,-117.80914,639.82404,26
272.484,35.346924,-117.80914,639.80902,26
274.432,35.346924,-117.80914,639.82904,26
276.391,35.346924,-117.80914,639.83801,26
278.362,35.346924,-117.80914,639.83502,26
280.29,35.346924,-117.80914,639.85205,26
282.241,35.346924,-117.80914,639.87701,26
284.2,35.346925,-117.80914,639.927,26
286.152,35.346925,-117.80914,639.96503,26
288.087,35.346925,-117.80914,639.99103,26
290.04,35.346925,-117.80914,640.03705,26
291.994,35.346925,-117.80914,640.078,25
293.937,35.346925,-117.80914,640.07703,26
295.882,35.346924,-117.80914,640.07001,25
297.851,35.346924,-117.80914,640.06702,26
299.783,35.346923,-117.80914,640.08502,26
301.763,35.346923,-117.80914,640.05902,26
303.708,35.346922,-117.80914,639.99402,26
305.653,35.346922,-117.80914,639.927,26
307.596,35.346921,-117.80914,639.84406,26
309.534,35.346921,-117.80914,639.77905,26
311.516,35.346921,-117.80914,639.67505,26
313.483,35.34692,-117.80914,639.57605,26
315.465,35.34692,-117.80914,639.48602,26
317.399,35.34692,-117.80914,639.40906,26
319.347,35.346919,-117.80914,639.29401,26
321.298,35.346919,-117.80914,639.22406,26
323.254,35.346919,-117.80914,639.12201,26
325.233,35.346919,-117.80914,639.03802,26
327.165,35.346919,-117.80914,638.95801,25
329.129,35.346918,-117.80914,638.86401,26
331.069,35.346918,-117.80914,638.69702,26
333.028,35.346918,-117.80914,638.61005,27
334.982,35.346918,-117.80914,638.50702,27
336.986,35.346918,-117.80914,638.388,27
338.938,35.346918,-117.80914,638.24701,27
340.888,35.346918,-117.80914,638.12402,27
342.836,35.346918,-117.80914,638.04706,27
344.795,35.346918,-117.80914,637.95801,27
346.749,35.346918,-117.80914,637.85101,27
348.723,35.346918,-117.80914,637.74304,27
350.706,35.346918,-117.80914,637.63702,27
352.658,35.346918,-117.80914,637.51605,27
354.595,35.346918,-117.80914,637.388,27
356.57,35.346919,-117.80914,637.29401,27
358.52,35.346919,-117.80914,637.21106,27
360.473,35.346919,-117.80914,637.17804,27
362.425,35.346918,-117.80914,637.14606,27
364.383,35.346918,-117.80914,637.138,27
366.32,35.346919,-117.80914,637.15002,27
368.273,35.346919,-117.80914,637.16602,27
370.235,35.346919,-117.80914,637.15802,26
372.202,35.346919,-117.80914,637.20001,27
374.176,35.346919,-117.80914,637.23401,27
376.118,35.34692,-117.80914,637.25104,27
378.085,35.34692,-117.80914,637.242,27
380.03,35.34692,-117.80914,637.25903,25
381.992,35.34692,-117.80914,637.28802,25
383.94,35.34692,-117.80914,637.32306,26
385.947,35.34692,-117.80914,637.38702,27
387.896,35.34692,-117.80914,637.39905,27
389.834,35.34692,-117.80914,637.38702,26
391.78,35.34692,-117.80914,637.37103,27
393.724,35.34692,-117.80914,637.31805,27
395.697,35.34692,-117.80914,637.26202,27
397.683,35.34692,-117.80914,637.216,27
399.63,35.34692,-117.80914,637.10803,27
401.621,35.34692,-117.80914,637.05402,27
403.575,35.34692,-117.80914,636.94806,27
405.511,35.34692,-117.80914,636.81403,27
407.484,35.34692,-117.80914,636.716,27
409.458,35.34692,-117.80914,636.62103,27
411.419,35.34692,-117.80914,636.44305,27
413.35,35.34692,-117.80914,636.31403,26
415.292,35.34692,-117.80914,636.19305,27
417.255,35.34692,-117.80914,636.06305,27
419.21,35.34692,-117.80914,635.89606,27
421.208,35.34692,-117.80914,635.74805,27
423.162,35.34692,-117.80914,635.59204,27
425.128,35.34692,-117.80914,635.40906,27
427.127,35.34692,-117.80914,635.25903,27
429.076,35.34692,-117.80914,635.13202,27
431.027,35.346919,-117.80914,634.992,27
433.014,35.346919,-117.80914,634.88403,27
434.959,35.346919,-117.80914,634.78503,27
436.913,35.346919,-117.80914,634.68506,27
438.907,35.346919,-117.80914,634.55505,27
440.844,35.346919,-117.80914,634.41003,27
442.802,35.346919,-117.80914,634.26501,27
444.762,35.346918,-117.80914,634.09802,25
446.724,35.346919,-117.80914,633.94104,27
448.712,35.346918,-117.80914,633.80701,27
450.668,35.346919,-117.80914,633.68005,27
452.625,35.346919,-117.80914,633.565,26
454.586,35.346919,-117.80914,633.38605,26
456.557,35.346918,-117.80914,633.25403,27
458.521,35.346919,-117.80914,633.11902,27
460.478,35.346918,-117.80914,632.98303,26
462.437,35.346919,-117.80914,632.84802,26
464.377,35.346919,-117.80914,632.74005,26
466.332,35.346919,-117.80914,632.62006,26
468.316,35.346919,-117.80914,632.49005,27
470.276,35.346919,-117.80914,632.37604,27
472.224,35.346919,-117.80914,632.23505,27
474.2,35.346919,-117.80914,632.07404,27
476.173,35.346919,-117.80914,631.93604,26
478.141,35.346918,-117.80914,631.76501,26
480.099,35.346918,-117.80914,631.60504,26
482.066,35.346918,-117.80914,631.40302,27
484.019,35.346918,-117.80914,631.25806,25
485.985,35.346917,-117.80914,631.12103,25
487.929,35.346917,-117.80914,630.97601,26
489.885,35.346917,-117.80914,630.84406,26
491.86,35.346917,-117.80914,630.73303,26
493.824,35.346917,-117.80914,630.59802,27
495.765,35.346917,-117.80914,630.513,26
497.708,35.346917,-117.80914,630.37701,26
499.667,35.346917,-117.80914,630.25104,26
501.601,35.346917,-117.80914,630.15503,27
503.549,35.346917,-117.80914,630.04602,26
505.489,35.346917,-117.80914,629.94806,27
507.46,35.346917,-117.80914,629.854,26
509.403,35.346917,-117.80914,629.73401,25
511.331,35.346917,-117.80914,629.65906,27
513.278,35.346917,-117.80914,629.565,27
515.264,35.346917,-117.80914,629.44806,27
517.216,35.346917,-117.80914,629.302,27
519.182,35.346917,-117.80914,629.16205,27
521.136,35.346916,-117.80914,629.06805,27
523.081,35.346916,-117.80914,628.97205,27
525.028,35.346916,-117.80914,628.87701,27
526.998,35.346916,-117.80914,628.79401,27
528.959,35.346916,-117.80914,628.69904,27
530.908,35.346916,-117.80914,628.62103,26
532.907,35.346915,-117.80914,628.53302,26
534.832,35.346915,-117.80914,628.44305,26
536.793,35.346915,-117.80914,628.36505,27
538.761,35.346915,-117.80914,628.276,27
540.747,35.346915,-117.80914,628.12604,27
542.691,35.346914,-117.80914,628.00604,27
544.667,35.346914,-117.80914,627.92004,27
546.621,35.346914,-117.80914,627.80103,27
548.6,35.346914,-117.80914,627.71906,27
550.563,35.346914,-117.80914,627.60901,27
552.521,35.346914,-117.80914,627.50702,27
554.483,35.346913,-117.80914,627.39105,27
556.456,35.346913,-117.80914,627.29004,27
558.404,35.346913,-117.80914,627.18005,27
560.35,35.346913,-117.80914,627.06805,27
562.304,35.346913,-117.80914,627.00104,26
564.286,35.346913,-117.80914,626.94,27
566.253,35.346913,-117.80914,626.86505,27
568.198,35.346913,-117.80914,626.77002,27
570.157,35.346913,-117.80914,626.68005,27
572.112,35.346913,-117.80913,626.62103,27
574.088,35.346913,-117.80913,626.55304,27
576.054,35.346913,-117.80913,626.48901,27
578.043,35.346913,-117.80913,626.41504,27
579.995,35.346914,-117.80913,626.37006,27
581.949,35.346914,-117.80913,626.34302,27
583.899,35.346914,-117.80913,626.29102,27
585.848,35.346914,-117.80913,626.276,27
587.813,35.346914,-117.80913,626.25104,27
589.766,35.346914,-117.80913,626.203,27
591.739,35.346914,-117.80913,626.18506,26
593.699,35.346914,-117.80913,626.15601,27
595.66,35.346914,-117.80913,626.104,27
597.639,35.346914,-117.80913,626.09003,26
599.582,35.346914,-117.80913,626.04303,27
601.529,35.346914,-117.80913,626.00702,27
603.494,35.346914,-117.80913,625.93805,26
605.463,35.346914,-117.80913,625.89404,26
607.411,35.346914,-117.80913,625.89502,26
609.363,35.346914,-117.80913,625.84204,26
611.326,35.346914,-117.80913,625.79901,26
613.28,35.346915,-117.80913,625.77301,26
615.271,35.346915,-117.80913,625.71802,26
617.225,35.346915,-117.80913,625.63904,26
619.177,35.346915,-117.80913,625.59406,27
621.143,35.346914,-117.80913,625.52905,27
623.109,35.346914,-117.80913,625.49304,27
625.075,35.346914,-117.80913,625.43701,27
627.074,35.346914,-117.80913,625.40906,27
629.016,35.346914,-117.80913,625.39001,27
630.962,35.346914,-117.80913,625.33905,27
632.933,35.346914,-117.80913,625.30701,27
634.9,35.346914,-117.80913,625.24603,27
636.865,35.346914,-117.80913,625.18805,27
638.817,35.346914,-117.80913,625.112,27
640.807,35.346913,-117.80913,625.06604,27
642.711,35.346914,-117.80913,625.01801,27
644.699,35.346914,-117.80913,624.93701,27
646.641,35.346914,-117.80913,624.89606,26
648.604,35.346914,-117.80913,624.82202,27
650.347,35.346913,-117.80913,624.75604,27
650.578,35.346913,-117.80913,624.74402,27
650.745,35.346913,-117.80913,624.77405,27
650.933,35.346915,-117.80913,626.05603,27
651.132,35.346917,-117.80913,629.802,27
651.329,35.346917,-117.80913,635.97302,26
651.563,35.346918,-117.80914,644.49304,23
651.728,35.346917,-117.80914,655.52106,21
651.927,35.346916,-117.80915,669.02106,22
652.123,35.346913,-117.80916,685.02802,22
652.322,35.346909,-117.80918,703.60706,23
652.555,35.346906,-117.80921,724.80804,23
652.719,35.346902,-117.80923,748.61102,23
652.914,35.346898,-117.80927,774.97406,23
653.1,35.346895,-117.80931,803.87006,23
653.304,35.346891,-117.80935,835.30005,23
653.536,35.346888,-117.80939,869.20203,23
653.697,35.346885,-117.80944,905.38403,23
653.897,35.346882,-117.80949,943.82306,24
654.085,35.346879,-117.80955,984.36707,24
654.288,35.346875,-117.80961,1026.942,24
654.517,35.346869,-117.80967,1071.3561,24
654.686,35.346863,-117.80973,1117.4771,24
654.885,35.346857,-117.8098,1165.114,25
655.069,35.34685,-117.80987,1214.004,24
655.282,35.346843,-117.80994,1263.5861,25
655.511,35.346837,-117.81001,1313.175,25
655.676,35.346832,-117.81008,1362.2711,27
655.875,35.346827,-117.81015,1410.5581,27
656.073,35.346822,-117.81022,1457.957,26
656.26,35.346817,-117.81029,1504.514,26
656.486,35.346811,-117.81036,1550.186,27
656.674,35.346806,-117.81043,1594.9631,27
656.859,35.3468,-117.81049,1638.8451,27
657.057,35.346794,-117.81056,1681.8301,27
657.251,35.346788,-117.81062,1723.9691,27
657.472,35.346782,-117.81069,1765.269,27
657.649,35.346777,-117.81075,1805.7711,27
657.845,35.346772,-117.81082,1845.4821,27
658.037,35.346768,-117.81088,1884.4231,27
658.239,35.346764,-117.81094,1922.608,27
658.463,35.34676,-117.811,1960.0431,27
658.631,35.346755,-117.81106,1996.7491,27
658.827,35.346751,-117.81112,2032.7261,27
659.027,35.346747,-117.81118,2067.9932,27
659.217,35.346743,-117.81124,2102.563,27
659.439,35.346739,-117.8113,2136.448,27
659.616,35.346735,-117.81135,2169.6702,27
659.806,35.34673,-117.81141,2202.239,27
660.004,35.346726,-117.81147,2234.1592,27
660.205,35.346723,-117.81153,2265.4412,27
660.445,35.346719,-117.81158,2296.1091,27
660.604,35.346716,-117.81164,2326.1572,27
660.785,35.346712,-117.81169,2355.6021,27
660.983,35.346709,-117.81175,2384.4561,27
661.184,35.346706,-117.8118,2412.717,27
661.425,35.346703,-117.81185,2440.4092,27
661.591,35.3467,-117.81191,2467.5181,27
661.764,35.346697,-117.81196,2494.0601,27
661.973,35.346694,-117.81201,2520.0422,27
662.163,35.34669,-117.81206,2545.4641,27
662.418,35.346687,-117.81211,2570.3491,27
662.581,35.346683,-117.81217,2594.6992,27
662.746,35.34668,-117.81222,2618.519,27
662.956,35.346676,-117.81227,2641.8142,27
663.149,35.346672,-117.81232,2664.5942,27
663.388,35.346668,-117.81237,2686.8591,27
663.555,35.346664,-117.81241,2708.614,27
663.738,35.346661,-117.81246,2729.8611,27
663.937,35.346657,-117.81251,2750.6182,27
664.135,35.346653,-117.81256,2770.885,27
664.385,35.346649,-117.81261,2790.6711,27
664.545,35.346645,-117.81266,2809.9651,27
664.718,35.346641,-117.8127,2828.78,27
664.919,35.346637,-117.81275,2847.1282,27
665.114,35.346633,-117.8128,2865.0061,27
665.352,35.346629,-117.81284,2882.4182,27
665.516,35.346625,-117.81289,2899.3672,27
665.704,35.346621,-117.81293,2915.8572,27
665.905,35.346617,-117.81298,2931.8911,27
666.095,35.346612,-117.81303,2947.4712,27
666.348,35.346608,-117.81307,2962.6021,27
666.514,35.346604,-117.81311,2977.2913,27
666.689,35.346599,-117.81316,2991.5452,27
666.883,35.346595,-117.8132,3005.3572,27
667.075,35.34659,-117.81325,3018.7332,27
667.321,35.346586,-117.81329,3031.6772,27
667.488,35.346581,-117.81334,3044.1902,27
667.676,35.346576,-117.81338,3056.2671,27
667.875,35.346572,-117.81342,3067.9241,27
668.058,35.346567,-117.81346,3079.1611,27
668.316,35.346562,-117.81351,3089.9641,27
668.484,35.346557,-117.81355,3100.3521,27
668.658,35.346552,-117.81359,3110.3152,27
668.853,35.346548,-117.81364,3119.8682,27
669.044,35.346543,-117.81368,3129.0161,27
669.29,35.346538,-117.81372,3137.7451,27
669.452,35.346533,-117.81376,3146.0662,27
669.645,35.346528,-117.8138,3153.9731,27
669.845,35.346523,-117.81385,3161.4702,27
670.031,35.346518,-117.81389,3168.5642,27
670.289,35.346513,-117.81393,3175.259,27
670.457,35.346508,-117.81397,3181.5532,27
670.636,35.346503,-117.81401,3187.4431,27
670.833,35.346498,-117.81405,3192.9373,27
671.023,35.346493,-117.81409,3198.0161,27
671.266,35.346488,-117.81413,3202.7012,27
671.433,35.346483,-117.81418,3206.9993,27
671.616,35.346478,-117.81422,3210.8962,27
671.818,35.346473,-117.81426,3214.3901,27
672.015,35.346468,-117.8143,3217.4851,27
672.261,35.346463,-117.81434,3220.1912,27
672.422,35.346458,-117.81438,3222.5061,27
672.608,35.346452,-117.81442,3224.4263,27
672.803,35.346447,-117.81446,3225.9602,27
672.989,35.346442,-117.8145,3227.0801,27
673.227,35.346438,-117.81454,3227.9341,27
673.389,35.346434,-117.81459,3228.4221,27
673.593,35.34643,-117.81463,3228.4932,27
673.794,35.346427,-117.81468,3228.2192,27
673.992,35.346422,-117.81472,3227.5332,27
674.231,35.346417,-117.81475,3226.6121,27
674.401,35.346411,-117.81478,3225.3711,27
674.584,35.346405,-117.8148,3223.7991,27
674.778,35.346399,-117.81482,3221.9661,27
674.981,35.346392,-117.81484,3219.8162,27
675.224,35.346385,-117.81485,3217.4163,27
675.393,35.346378,-117.81486,3214.7141,27
675.574,35.34637,-117.81488,3211.6892,27
675.764,35.346362,-117.81489,3208.2922,27
675.957,35.346352,-117.8149,3204.6541,27
676.185,35.346342,-117.81491,3200.7561,27
676.355,35.346335,-117.81493,3196.6631,27
676.548,35.346329,-117.81496,3192.644,26
676.747,35.34632,-117.81498,3188.5342,26
676.955,35.346309,-117.815,3184.2261,26
677.186,35.346298,-117.81501,3180.2183,26
677.353,35.346288,-117.81503,3176.4351,26
677.549,35.346279,-117.81503,3172.2441,26
677.735,35.346269,-117.81504,3168.0962,26
677.943,35.346258,-117.81504,3163.8291,27
678.178,35.346247,-117.81505,3159.2871,27
678.341,35.346238,-117.81505,3154.4702,27
678.539,35.34623,-117.81506,3149.3982,27
678.729,35.34622,-117.81506,3144.1802,27
678.933,35.346209,-117.81507,3138.853,27
679.166,35.346197,-117.81507,3133.3921,27
679.328,35.346186,-117.81508,3127.7222,27
679.523,35.346176,-117.81508,3121.7952,27
679.718,35.346165,-117.81508,3115.634,27
679.922,35.346155,-117.81508,3109.2961,27
680.132,35.346146,-117.81508,3103.0671,27
680.311,35.346135,-117.81507,3097.1052,28
680.508,35.346124,-117.81507,3091.1472,27
680.702,35.346113,-117.81507,3084.8972,28
680.897,35.346102,-117.81506,3078.6201,27
681.123,35.346091,-117.81505,3072.3711,28
681.303,35.346078,-117.81505,3066.113,28
681.5,35.346065,-117.81504,3059.8882,28
681.695,35.346052,-117.81503,3053.6172,28
681.898,35.346038,-117.81503,3047.3342,28
682.116,35.346021,-117.81502,3040.9062,28
682.302,35.346002,-117.81502,3034.3472,28
682.491,35.345981,-117.81501,3027.769,28
682.686,35.345961,-117.815,3021.1663,28
682.883,35.345942,-117.81499,3014.5142,28
683.097,35.345922,-117.81498,3007.8953,28
683.28,35.345902,-117.81497,3001.3562,28
683.486,35.345881,-117.81496,2994.8391,28
683.671,35.34586,-117.81495,2988.3381,28
683.869,35.345839,-117.81493,2981.8782,28
684.111,35.345818,-117.81492,2975.5103,28
684.275,35.345797,-117.81491,2969.3101,28
684.46,35.345778,-117.8149,2963.1582,28
684.656,35.345758,-117.81489,2956.9922,28
684.852,35.345738,-117.81488,2950.7581,28
685.074,35.345718,-117.81487,2944.5623,28
685.246,35.345699,-117.81485,2938.446,28
685.439,35.345679,-117.81484,2932.3232,28
685.639,35.345659,-117.81483,2926.2671,28
685.838,35.345639,-117.81482,2920.1621,28
686.081,35.345619,-117.81481,2914.0112,28
686.247,35.345598,-117.8148,2907.7932,28
686.421,35.345576,-117.81479,2901.4583,28
686.634,35.345553,-117.81477,2894.9941,28
686.832,35.345529,-117.81476,2888.4441,28
687.075,35.345506,-117.81475,2881.8552,28
687.237,35.345485,-117.81474,2875.249,28
687.407,35.345464,-117.81473,2868.655,28
687.61,35.345444,-117.81472,2862.0581,28
687.806,35.345423,-117.81471,2855.4592,28
688.051,35.345403,-117.8147,2848.832,28
688.213,35.345384,-117.81469,2842.239,28
688.391,35.345365,-117.81468,2835.6941,28
688.604,35.345346,-117.81467,2829.1021,28
688.797,35.345327,-117.81466,2822.4712,28
689.048,35.345308,-117.81465,2815.9202,28
689.207,35.34529,-117.81464,2809.3862,28
689.379,35.345272,-117.81463,2802.7961,28
689.585,35.345254,-117.81461,2796.1411,28
689.772,35.345237,-117.8146,2789.4431,28
690.021,35.345219,-117.81459,2782.8142,28
690.177,35.3452,-117.81457,2776.1621,28
690.362,35.34518,-117.81456,2769.3821,28
690.564,35.345161,-117.81454,2762.5942,28
690.76,35.345141,-117.81452,2755.8042,28
691.002,35.34512,-117.8145,2749.0251,28
691.165,35.345101,-117.81448,2742.2781,28
691.352,35.345083,-117.81446,2735.4761,28
691.553,35.345066,-117.81444,2728.6401,28
691.733,35.345048,-117.81442,2721.8271,28
691.999,35.34503,-117.8144,2715.0562,28
692.157,35.345012,-117.81438,2708.3411,28
692.337,35.344994,-117.81436,2701.6892,28
692.533,35.344978,-117.81434,2695.0471,28
692.717,35.344963,-117.81432,2688.437,28
692.95,35.344947,-117.8143,2681.8521,27
693.112,35.344932,-117.81428,2675.3091,27
693.315,35.344917,-117.81426,2668.821,27
693.509,35.344904,-117.81424,2662.3352,28
693.697,35.344892,-117.81422,2655.8191,28
693.957,35.34488,-117.8142,2649.3262,28
694.123,35.344867,-117.81418,2642.8572,28
694.298,35.344855,-117.81416,2636.3982,28
694.497,35.344843,-117.81413,2629.9702,28
694.691,35.344831,-117.81411,2623.5601,28
694.943,35.34482,-117.81409,2617.1331,28
695.108,35.344808,-117.81406,2610.6702,28
695.286,35.344798,-117.81404,2604.1492,28
695.487,35.344787,-117.81402,2597.6121,28
695.68,35.344777,-117.814,2591.0552,28
695.934,35.344767,-117.81398,2584.4651,28
696.092,35.344758,-117.81396,2577.843,28
696.275,35.344748,-117.81394,2571.2231,28
696.475,35.344739,-117.81392,2564.5791,28
696.672,35.344731,-117.81391,2557.8831,28
696.907,35.344722,-117.81389,2551.156,28
697.068,35.344713,-117.81387,2544.4492,28
697.256,35.344703,-117.81386,2537.7842,28
697.457,35.344693,-117.81384,2531.125,28
697.657,35.344684,-117.81383,2524.4622,28
697.9,35.344674,-117.81381,2517.8281,28
698.068,35.344665,-117.81379,2511.2122,28
698.251,35.344657,-117.81378,2504.623,28
698.438,35.344649,-117.81376,2498.05,28
698.635,35.344641,-117.81374,2491.5022,28
698.874,35.344632,-117.81373,2485.0051,28
699.034,35.344623,-117.81371,2478.5271,28
699.228,35.344615,-117.81369,2472.0281,28
699.423,35.344609,-117.81367,2465.478,28
699.622,35.344605,-117.81366,2458.8591,28
699.862,35.344602,-117.81364,2452.2522,28
700.027,35.3446,-117.81362,2445.6682,28
700.213,35.344596,-117.81361,2439.0581,28
700.406,35.344592,-117.81359,2432.4431,28
700.606,35.344587,-117.81357,2425.8572,28
700.836,35.344581,-117.81356,2419.2871,27
701.007,35.344577,-117.81354,2412.7241,27
701.209,35.344573,-117.81352,2406.1382,27
701.394,35.34457,-117.8135,2399.4541,28
701.599,35.344568,-117.81349,2392.6531,28
701.838,35.344566,-117.81347,2385.8171,28
701.999,35.344563,-117.81345,2378.9822,28
702.182,35.344561,-117.81344,2372.083,28
702.374,35.34456,-117.81342,2365.1001,28
702.583,35.344559,-117.81341,2357.9712,28
702.809,35.344558,-117.81339,2350.7642,28
702.973,35.344557,-117.81337,2343.4282,28
703.18,35.344558,-117.81335,2335.9202,28
703.366,35.344561,-117.81334,2328.3181,28
703.571,35.344566,-117.81332,2320.592,28
703.798,35.344572,-117.81329,2312.7561,28
703.967,35.344579,-117.81327,2304.9111,28
704.159,35.344585,-117.81325,2296.8682,28
704.354,35.344591,-117.81323,2288.5242,28
704.557,35.344597,-117.81321,2279.9431,28
704.779,35.3446,-117.8132,2271.0391,28
704.951,35.344601,-117.81318,2261.8921,28
705.144,35.344602,-117.81316,2252.5801,28
705.341,35.344602,-117.81315,2243.4102,28
705.54,35.3446,-117.81313,2234.49,28
705.755,35.344598,-117.81312,2225.6521,28
705.938,35.344597,-117.81311,2216.688,28
706.133,35.344596,-117.8131,2207.6272,28
706.331,35.344596,-117.81309,2198.5042,28
706.526,35.344599,-117.81308,2189.0791,28
706.739,35.344602,-117.81307,2179.271,27
706.929,35.344605,-117.81305,2169.4551,27
707.117,35.344607,-117.81303,2159.8792,28
707.314,35.344609,-117.81301,2150.5762,28
707.513,35.344612,-117.81299,2141.6851,28
707.741,35.344614,-117.81297,2133.1641,28
707.908,35.344615,-117.81295,2125.0281,28
708.116,35.344614,-117.81292,2117.114,28
708.306,35.344612,-117.81289,2109.436,28
708.505,35.34461,-117.81287,2101.9822,28
708.726,35.34461,-117.81284,2094.5481,28
708.894,35.344609,-117.81282,2087.1702,28
709.085,35.344609,-117.81279,2079.803,27
709.292,35.344608,-117.81277,2072.5391,28
709.488,35.344608,-117.81274,2065.3191,28
709.733,35.344608,-117.81272,2058.135,28
709.9,35.344608,-117.8127,2050.9612,28
710.073,35.344608,-117.81268,2043.7781,28
710.278,35.344608,-117.81266,2036.6301,28
710.47,35.344608,-117.81264,2029.4832,28
710.711,35.344608,-117.81262,2022.3541,27
710.863,35.344608,-117.8126,2015.2861,27
711.053,35.344608,-117.81259,2008.3351,27
711.263,35.344609,-117.81257,2001.5781,27
711.46,35.344615,-117.81256,1994.691,28
711.696,35.344624,-117.81255,1987.264,28
711.859,35.344634,-117.81255,1979.4751,28
712.04,35.344644,-117.81254,1971.5691,28
712.24,35.344656,-117.81253,1963.6221,28
712.434,35.344671,-117.81253,1955.7161,28
712.677,35.344686,-117.81252,1947.4312,28
712.84,35.3447,-117.81251,1938.8062,28
713.02,35.344712,-117.8125,1930.233,28
713.221,35.344725,-117.81249,1921.7081,28
713.417,35.344736,-117.81249,1913.2371,28
713.642,35.344747,-117.81248,1905.1351,28
713.812,35.344757,-117.81246,1897.4331,28
714.009,35.344763,-117.81245,1889.9351,28
714.212,35.344768,-117.81242,1882.7631,28
714.403,35.344773,-117.8124,1875.7821,28
714.654,35.344779,-117.81238,1868.9441,28
714.813,35.344784,-117.81236,1862.212,28
714.999,35.34479,-117.81235,1855.4811,28
715.195,35.344795,-117.81233,1848.7361,28
715.381,35.3448,-117.81231,1842.0381,28
715.619,35.344806,-117.81229,1835.3301,28
715.791,35.344812,-117.81228,1828.5641,28
715.986,35.344819,-117.81226,1821.769,28
716.184,35.344826,-117.81225,1814.941,28
716.376,35.344834,-117.81224,1808.0551,28
716.623,35.344842,-117.81222,1801.1591,28
716.79,35.344849,-117.81221,1794.28,28
716.971,35.344857,-117.8122,1787.2771,27
717.171,35.344864,-117.81219,1780.0011,27
717.36,35.344871,-117.81218,1772.4751,27
717.596,35.344876,-117.81217,1764.8981,27
717.761,35.344885,-117.81217,1756.9321,27
717.956,35.344894,-117.81216,1748.3091,28
718.156,35.344901,-117.81216,1739.608,28
718.345,35.344908,-117.81216,1731.0181,28
718.601,35.344916,-117.81215,1722.4921,28
718.765,35.344923,-117.81215,1714.0651,28
718.947,35.344928,-117.81215,1705.7441,28
719.145,35.344934,-117.81215,1697.598,28
719.338,35.344942,-117.81214,1689.613,28
719.568,35.344949,-117.81214,1681.7511,28
719.733,35.344954,-117.81212,1673.8191,28
719.93,35.344959,-117.81211,1665.65,28
720.124,35.344966,-117.8121,1657.4761,28
720.323,35.344972,-117.81209,1649.5311,28
720.555,35.344977,-117.81207,1641.8561,28
720.719,35.344982,-117.81206,1634.3071,28
720.915,35.344989,-117.81205,1626.895,28
721.121,35.344995,-117.81204,1619.6681,28
721.31,35.344999,-117.81203,1612.5111,28
721.552,35.345003,-117.81201,1605.358,28
721.721,35.345004,-117.812,1598.3241,28
721.908,35.345004,-117.81199,1591.3801,28
722.107,35.345005,-117.81198,1584.5171,28
722.302,35.345005,-117.81197,1577.702,28
722.535,35.345006,-117.81196,1571.0021,28
722.697,35.345006,-117.81195,1564.4041,28
722.894,35.345008,-117.81194,1557.8561,28
723.093,35.345008,-117.81193,1551.3021,28
723.289,35.345007,-117.81193,1544.8101,28
723.534,35.345007,-117.81193,1538.4441,28
723.69,35.345007,-117.81192,1532.1171,28
723.88,35.345007,-117.81192,1525.7501,28
724.073,35.345008,-117.81192,1519.3191,28
724.269,35.345009,-117.81192,1512.8671,28
724.496,35.34501,-117.81192,1506.353,28
724.666,35.345011,-117.81192,1499.7101,28
724.861,35.345012,-117.81192,1492.895,27
725.049,35.345013,-117.81192,1485.989,27
725.251,35.345014,-117.81192,1479.0311,27
725.497,35.345014,-117.81191,1472.036,27
725.662,35.345014,-117.81192,1465.0631,27
725.846,35.345016,-117.81192,1458.181,27
726.036,35.345019,-117.81192,1451.2411,28
726.24,35.345024,-117.81191,1444.2581,28
726.473,35.345029,-117.81191,1437.3081,27
726.638,35.345034,-117.81192,1430.321,27
726.829,35.345038,-117.81192,1423.432,27
727.015,35.345041,-117.81192,1416.6331,27
727.226,35.345044,-117.81193,1409.858,28
727.457,35.345048,-117.81193,1403.0941,28
727.629,35.345054,-117.81193,1396.3671,28
727.818,35.345061,-117.81193,1389.5861,28
728.008,35.345069,-117.81193,1382.8101,28
728.214,35.345076,-117.81193,1375.9031,28
728.437,35.345083,-117.81193,1368.9771,28
728.605,35.345091,-117.81193,1362.3961,28
728.797,35.345099,-117.81193,1357.0471,28
728.991,35.345107,-117.81192,1353.6101,27
729.188,35.345117,-117.8119,1351.369,27
729.401,35.345127,-117.81187,1347.5431,27
729.581,35.345134,-117.81185,1342.6051,27
729.782,35.345139,-117.81183,1338.5551,27
729.976,35.345141,-117.81183,1334.3931,27
730.174,35.345142,-117.81184,1330.4341,28
730.393,35.345145,-117.81186,1326.6691,26
730.572,35.345146,-117.81187,1323.2871,28
730.772,35.345146,-117.81188,1320.3511,28
730.971,35.345148,-117.8119,1317.5181,28
731.165,35.345148,-117.81191,1314.546,28
731.379,35.345146,-117.81192,1310.567,28
731.562,35.345145,-117.81194,1305.8441,28
731.76,35.345146,-117.81194,1301.504,28
731.962,35.345147,-117.81195,1297.3441,28
732.157,35.345149,-117.81196,1293.26,28
732.379,35.345152,-117.81196,1289.2971,28
732.55,35.345155,-117.81196,1284.9611,28
732.745,35.345156,-117.81196,1280.0961,28
732.954,35.345157,-117.81195,1275.222,28
733.143,35.345159,-117.81194,1270.7771,28
733.369,35.345161,-117.81194,1266.8811,28
733.541,35.345162,-117.81193,1263.02,28
733.732,35.345162,-117.81193,1258.597,28
733.929,35.345163,-117.81192,1253.749,28
734.126,35.345161,-117.81192,1249.026,28
734.384,35.34516,-117.81192,1244.875,28
734.548,35.34516,-117.81192,1240.484,28
734.727,35.345161,-117.81192,1235.7671,28
734.933,35.345161,-117.81192,1231.2561,28
735.128,35.345161,-117.81192,1226.9911,28
735.377,35.345162,-117.81193,1222.8251,28
735.538,35.345162,-117.81193,1218.6841,28
735.705,35.345162,-117.81193,1214.368,28
735.92,35.345165,-117.81193,1209.5631,28
736.11,35.345169,-117.81193,1204.8131,28
736.346,35.345172,-117.81194,1200.5371,28
736.515,35.345176,-117.81194,1196.421,28
736.696,35.34518,-117.81195,1192.088,28
736.905,35.345183,-117.81195,1187.567,28
737.1,35.345187,-117.81195,1182.843,28
737.354,35.34519,-117.81195,1178.1571,28
737.518,35.345194,-117.81195,1173.7831,28
737.685,35.345197,-117.81195,1169.5291,28
737.885,35.345198,-117.81195,1165.1051,28
738.077,35.345199,-117.81195,1160.7421,28
738.321,35.345198,-117.81195,1156.696,28
738.483,35.345198,-117.81195,1152.7061,28
738.684,35.345198,-117.81194,1148.5641,28
738.872,35.345198,-117.81194,1144.317,28
739.058,35.345197,-117.81194,1139.989,28
739.313,35.345195,-117.81194,1135.6481,28
739.476,35.345193,-117.81194,1131.5,28
739.659,35.345191,-117.81194,1127.5081,28
739.863,35.34519,-117.81194,1123.3091,28
740.045,35.345189,-117.81194,1118.6831,28
740.303,35.345189,-117.81194,1113.8871,28
740.465,35.345189,-117.81195,1109.1411,28
740.648,35.345188,-117.81195,1104.6571,28
740.842,35.345186,-117.81195,1100.452,28
741.032,35.345186,-117.81195,1096.1061,28
741.283,35.345187,-117.81195,1091.427,28
741.449,35.345187,-117.81195,1086.6581,28
741.639,35.345187,-117.81196,1081.8391,28
741.832,35.345186,-117.81196,1076.9921,28
742.022,35.345186,-117.81196,1072.275,28
742.28,35.345185,-117.81196,1067.545,28
742.444,35.345186,-117.81197,1062.8151,28
742.621,35.345188,-117.81197,1058.05,28
742.818,35.345189,-117.81197,1053.2261,28
743.012,35.345188,-117.81197,1048.38,28
743.25,35.345187,-117.81197,1043.576,28
743.412,35.345186,-117.81198,1038.827,28
743.605,35.345186,-117.81198,1034.177,28
743.804,35.345187,-117.81198,1029.672,28
743.998,35.345186,-117.81198,1025.248,28
744.236,35.345186,-117.81199,1020.8461,28
744.402,35.345185,-117.81199,1016.4,28
744.589,35.345186,-117.81199,1011.947,28
744.788,35.345187,-117.81199,1007.486,28
744.984,35.345188,-117.812,1003.001,28
745.222,35.345189,-117.812,998.57104,28
745.386,35.34519,-117.812,994.24304,28
745.576,35.345191,-117.812,990.04706,28
745.771,35.345194,-117.812,985.88104,28
745.968,35.345196,-117.81201,981.49207,28
746.199,35.345197,-117.81201,976.87604,28
746.361,35.345197,-117.81201,972.15906,28
746.558,35.345198,-117.81201,967.43103,28
746.76,35.3452,-117.81201,962.77203,28
746.96,35.345201,-117.812,958.15503,28
747.196,35.3452,-117.812,953.28406,28
747.359,35.345197,-117.812,948.26703,28
747.547,35.345195,-117.812,943.49207,28
747.743,35.345194,-117.812,939.11407,28
747.942,35.345192,-117.812,934.64203,28
748.166,35.345188,-117.812,930.09106,28
748.328,35.345183,-117.812,925.88403,28
748.527,35.345179,-117.812,922.10107,28
748.722,35.345175,-117.81201,918.01404,28
748.929,35.345173,-117.81201,913.44305,28
749.161,35.345172,-117.81201,908.58405,28
749.325,35.34517,-117.81201,903.81104,28
749.518,35.345168,-117.81201,899.13306,28
749.705,35.345166,-117.81201,894.58704,28
749.913,35.345166,-117.81202,890.12006,28
750.138,35.345169,-117.81202,885.56104,28
750.307,35.345174,-117.81202,881.18805,28
750.504,35.345178,-117.81202,877.10803,28
750.69,35.345182,-117.81202,873.08502,28
750.893,35.345186,-117.81202,868.73303,28
751.121,35.345189,-117.81202,864.13306,28
751.287,35.345191,-117.81202,859.44403,28
751.488,35.345193,-117.81202,854.69507,27
751.674,35.345194,-117.81202,850.05603,27
751.877,35.345196,-117.81201,845.52502,27
752.099,35.345197,-117.81201,840.92004,27
752.277,35.345196,-117.81201,836.17401,26
752.475,35.345195,-117.81201,831.27802,25
752.665,35.345193,-117.81201,826.35706,27
752.869,35.345191,-117.812,821.44006,27
753.094,35.345188,-117.812,816.59906,27
753.259,35.345185,-117.812,811.63403,27
753.462,35.345184,-117.812,806.57104,28
753.659,35.345182,-117.812,801.77203,28
753.856,35.34518,-117.812,797.21802,28
754.083,35.345179,-117.812,792.79102,28
754.256,35.345179,-117.812,788.12201,28
754.449,35.345181,-117.812,783.35004,28
754.646,35.345182,-117.812,779.00201,27
754.844,35.345181,-117.812,775.00104,28
755.061,35.34518,-117.812,771.09302,28
755.238,35.345181,-117.812,766.92902,28
755.438,35.345182,-117.812,762.60406,28
755.636,35.345183,-117.812,758.24805,28
755.836,35.345183,-117.812,753.95801,28
756.063,35.345182,-117.812,749.62701,28
756.225,35.345182,-117.812,745.03802,28
756.418,35.345183,-117.812,740.21704,28
756.612,35.345185,-117.812,735.45203,28
756.808,35.345187,-117.812,731.06903,28
757.035,35.345189,-117.812,726.94604,28
757.205,35.345192,-117.812,722.74701,28
757.4,35.345195,-117.812,718.48303,28
757.6,35.345197,-117.81199,714.40802,28
757.798,35.345199,-117.81199,710.42401,28
758.028,35.3452,-117.81198,706.40204,28
758.192,35.345201,-117.81198,702.16602,28
758.382,35.345203,-117.81197,697.62805,28
758.584,35.345204,-117.81197,693.14301,28
758.781,35.345207,-117.81197,688.755,28
759.007,35.345207,-117.81197,684.52002,28
759.177,35.345207,-117.81197,680.24005,28
759.363,35.345206,-117.81197,675.76605,28
759.567,35.345205,-117.81197,671.24902,28
759.768,35.345205,-117.81196,666.62305,28
759.999,35.345204,-117.81196,661.99805,28
760.164,35.345203,-117.81196,657.49805,28
760.349,35.345202,-117.81196,653.06805,28
760.553,35.345199,-117.81195,648.56604,28
760.752,35.345196,-117.81195,643.94904,28
760.981,35.345193,-117.81194,639.11804,28
761.155,35.34519,-117.81194,634.22601,28
761.336,35.34519,-117.81194,629.50403,28
761.543,35.345194,-117.81194,624.81201,28
761.732,35.3452,-117.81194,620.65002,28
761.969,35.345203,-117.81195,617.10303,28
762.128,35.345203,-117.81195,613.737,28
762.321,35.345202,-117.81195,612.20801,28
762.521,35.345202,-117.81195,611.75,27
762.719,35.345202,-117.81195,611.73602,27
762.957,35.345202,-117.81195,611.91803,27
763.119,35.345202,-117.81195,611.89905,27
763.319,35.345202,-117.81195,611.94702,27
763.514,35.345202,-117.81195,611.98102,27
763.705,35.345203,-117.81195,612.03503,27
763.942,35.345203,-117.81195,612.091,27
764.114,35.345203,-117.81195,612.15302,28
764.303,35.345203,-117.81195,612.19604,28
764.499,35.345203,-117.81195,612.25201,28
764.679,35.345203,-117.81195,612.30304,28
764.918,35.345203,-117.81195,612.362,28
765.083,35.345203,-117.81195,612.42102,28
765.281,35.345203,-117.81195,612.50104,28
765.478,35.345203,-117.81195,612.57904,28
765.667,35.345203,-117.81195,612.64105,28
765.915,35.345203,-117.81195,612.68701,28
766.078,35.345204,-117.81195,612.72504,28
766.267,35.345204,-117.81195,612.76105,28
766.465,35.345204,-117.81195,612.79303,28
766.656,35.345204,-117.81195,612.82202,28
766.902,35.345204,-117.81195,612.84204,28
767.067,35.345204,-117.81195,612.862,28
767.254,35.345204,-117.81195,612.88104,28
767.45,35.345204,-117.81195,612.91803,28
767.642,35.345204,-117.81195,612.95404,28
767.876,35.345204,-117.81195,612.99304,28
768.041,35.345204,-117.81195,613.03601,28
768.236,35.345204,-117.81195,613.07703,28
768.438,35.345204,-117.81195,613.09204,28
768.632,35.345204,-117.81195,613.09601,28
768.874,35.345204,-117.81195,613.11603,28
769.034,35.345204,-117.81195,613.13904,28
769.221,35.345204,-117.81195,613.14606,28
769.416,35.345204,-117.81195,613.16803,28
769.615,35.345204,-117.81195,613.18103,28
769.852,35.345204,-117.81195,613.19104,28
770.016,35.345204,-117.81195,613.20703,28
770.199,35.345204,-117.81195,613.21802,28
770.398,35.345204,-117.81195,613.23804,28
770.591,35.345205,-117.81195,613.24402,28
770.826,35.345205,-117.81195,613.24506,28
770.988,35.345205,-117.81195,613.25104,28
771.18,35.345205,-117.81195,613.26501,28
771.384,35.345205,-117.81195,613.28503,28
771.573,35.345205,-117.81195,613.29004,28
771.809,35.345205,-117.81195,613.30103,28
771.982,35.345205,-117.81195,613.30701,28
772.168,35.345205,-117.81195,613.315,28
772.358,35.345205,-117.81195,613.32404,28
772.558,35.345205,-117.81195,613.33301,28
772.802,35.345205,-117.81195,613.35303,28
772.971,35.345205,-117.81195,613.36804,28
773.156,35.345205,-117.81195,613.38202,28
773.346,35.345205,-117.81195,613.39502,28
773.548,35.345205,-117.81195,613.41302,28
773.773,35.345205,-117.81195,613.43506,28
773.941,35.345205,-117.81195,613.45203,28
774.134,35.345205,-117.81195,613.46405,28
774.324,35.345205,-117.81195,613.47601,28
774.529,35.345205,-117.81195,613.48401,28
774.763,35.345205,-117.81195,613.50702,28
774.93,35.345205,-117.81195,613.51904,28
775.12,35.345205,-117.81195,613.52704,28
775.311,35.345205,-117.81195,613.54102,28
775.518,35.345205,-117.81195,613.55304,28
775.746,35.345205,-117.81195,613.56702,28
775.912,35.345205,-117.81195,613.57306,28
776.111,35.345205,-117.81195,613.57703,28
776.304,35.345205,-117.81195,613.58301,28
776.505,35.345205,-117.81195,613.58502,28
776.725,35.345205,-117.81195,613.58801,28
776.897,35.345205,-117.81195,613.59601,28
777.093,35.345205,-117.81195,613.604,28
777.293,35.345205,-117.81195,613.60901,28
777.49,35.345205,-117.81195,613.62006,28
777.712,35.345205,-117.81194,613.62201,28
777.885,35.345205,-117.81194,613.61902,28
778.085,35.345205,-117.81194,613.62305,28
778.28,35.345205,-117.81194,613.62701,28
778.48,35.345205,-117.81194,613.62701,28
778.698,35.345205,-117.81194,613.63202,28
778.875,35.345205,-117.81194,613.63702,28
779.069,35.345205,-117.81194,613.64105,28
779.271,35.345205,-117.81194,613.65002,28
779.467,35.345205,-117.81194,613.65601,28
779.683,35.345205,-117.81194,613.66205,28
779.861,35.345205,-117.81194,613.66602,28
780.063,35.345205,-117.81194,613.67902,28
780.262,35.345205,-117.81194,613.68903,28
